ability	attribute	ruleset	planner	xml	status
alchemy_potionduration	potion_duration	ng	{"b": 0, "a": 0.02, "m": 0}	{"b": 0, "a": 0.02, "m": 0}	ok
alchemy_s10	PhysicalDamage	ng	{"b": 0, "a": 50.0, "m": 0}	{"b": 0, "a": 50.0, "m": 0}	ok
alchemy_s10	SilverDamage	ng	{"b": 0, "a": 50.0, "m": 0}	{"b": 0, "a": 50.0, "m": 0}	ok
alchemy_s11	FireDamage	ng	{"b": 0, "a": 50.0, "m": 0}	{"b": 0, "a": 50.0, "m": 0}	ok
alchemy_s11	PhysicalDamage	ng	{"b": 0, "a": 200.0, "m": 0}	{"b": 0, "a": 200.0, "m": 0}	ok
alchemy_s11	SilverDamage	ng	{"b": 0, "a": 200.0, "m": 0}	{"b": 0, "a": 200.0, "m": 0}	ok
alchemy_s12	oil_level_chance	ng	{"b": 0, "a": 0.1, "m": 0}	{"b": 0, "a": 0.1, "m": 0}	ok
alchemy_s12	skill_chance	ng	{"b": 0, "a": 0.05, "m": 0}	{"b": 0, "a": 0.05, "m": 0}	ok
alchemy_s13	vitality	ng	{"b": 0, "a": 300.0, "m": 0}	{"b": 0, "a": 300.0, "m": 0}	ok
alchemy_s14	duration	ng	{"b": 0, "a": 0, "m": 0.33334}	{"b": 0, "a": 0, "m": 0.33334}	ok
alchemy_s15	toxicityRegen	ng	{"b": 0, "a": -1.0, "m": 0}	{"b": 0, "a": -1.0, "m": 0}	ok
alchemy_s16	slowdown_duration	ng	{"b": 0, "a": 0.3, "m": 0}	{"b": 0, "a": 0.3, "m": 0}	ok
alchemy_s16	slowdown_ratio	ng	{"b": 0, "a": 0.12, "m": 0}	{"b": 0, "a": 0.12, "m": 0}	ok
alchemy_s18	toxicity	ng	{"b": 0, "a": 0.5, "m": 0}	{"b": 0, "a": 0.5, "m": 0}	ok
alchemy_s2	vitality_gain_perc	ng	{"b": 0, "a": 0.1, "m": 0}	{"b": 0, "a": 0.1, "m": 0}	ok
alchemy_s22	defence_bonus	ng	{"b": 0, "a": 0.05, "m": 0}	{"b": 0, "a": 0.05, "m": 0}	ok
alchemy_s23	poison_dmg_level_1	ng	{"b": 0, "a": 0, "m": 0.25}	{"b": 0, "a": 0, "m": 0.25}	ok
alchemy_s23	poison_dmg_level_2	ng	{"b": 0, "a": 0, "m": 0.5}	{"b": 0, "a": 0, "m": 0.5}	ok
alchemy_s23	poison_dmg_level_3	ng	{"b": 0, "a": 0, "m": 0.75}	{"b": 0, "a": 0, "m": 0.75}	ok
alchemy_s24	critical_hit_damage_bonus	ng	{"b": 0, "a": 0, "m": 0.3334}	{"b": 0, "a": 0, "m": 0.3334}	ok
alchemy_s24	received_damage_multiplier	ng	{"b": 0, "a": 1.5, "m": 0}	{"b": 0, "a": 1.5, "m": 0}	ok
alchemy_s24	toxicity_threshold	ng	{"b": 0, "a": 0.8, "m": 0}	{"b": 0, "a": 0.8, "m": 0}	ok
alchemy_s24	toxicity_to_critical_damage_ratio	ng	{"b": 0, "a": 0.2, "m": 0}	{"b": 0, "a": 0.2, "m": 0}	ok
alchemy_s25	bomb_damage_bonus	ng	{"b": 0, "a": 0.001, "m": 0}	{"b": 0, "a": 0.001, "m": 0}	ok
alchemy_s26	damage_bonus	ng	{"b": 0, "a": 0.05, "m": 0}	{"b": 0, "a": 0.05, "m": 0}	ok
alchemy_s26	damage_bonus_immune	ng	{"b": 0, "a": 0.1, "m": 0}	{"b": 0, "a": 0.1, "m": 0}	ok
alchemy_s27	critical_hit_damage_bonus	ng	{"b": 0, "a": 0.2, "m": 0}	{"b": 0, "a": 0.2, "m": 0}	ok
alchemy_s3	toxicity_threshold_lvl1	ng	{"b": 0, "a": 0.7, "m": 0}	{"b": 0, "a": 0.7, "m": 0}	ok
alchemy_s3	toxicity_threshold_lvl2	ng	{"b": 0, "a": 0.65, "m": 0}	{"b": 0, "a": 0.65, "m": 0}	ok
alchemy_s3	toxicity_threshold_lvl3	ng	{"b": 0, "a": 0.55, "m": 0}	{"b": 0, "a": 0.55, "m": 0}	ok
alchemy_s4	apply_chance	ng	{"b": 0, "a": 0.33334, "m": 0}	{"b": 0, "a": 0.33334, "m": 0}	ok
alchemy_s5	defence_bonus	ng	{"b": 0, "a": 0.05, "m": 0}	{"b": 0, "a": 0.05, "m": 0}	ok
alchemy_s8	item_count	ng	{"b": 0, "a": 1.0, "m": 0}	{"b": 0, "a": 1.0, "m": 0}	ok
magic_s1	spell_power	ng	{"b": 0, "a": 0, "m": -0.3}	{"b": 0, "a": 0, "m": -0.3}	ok
magic_s1	spell_power_penalty_reduction	ng	{"b": 0, "a": 0.15, "m": 0}	{"b": 0, "a": 0.15, "m": 0}	ok
magic_s1	stamina_cost	ng	{"b": 0, "a": 60.0, "m": 0}	{"b": 0, "a": 60.0, "m": 0}	ok
magic_s1	stamina_delay	ng	{"b": 0.3, "a": 0, "m": 1.0}	{"b": 0.3, "a": 0, "m": 1.0}	ok
magic_s11	direct_damage_per_sec	ng	{"b": 0, "a": 10.0, "m": 0.001}	{"b": 0, "a": 10.0, "m": 0.001}	ok
magic_s13	PhysicalDamage	ng	{"b": 0, "a": 3.0, "m": 0}	{"b": 0, "a": 3.0, "m": 0}	ok
magic_s13	SilverDamage	ng	{"b": 0, "a": 3.0, "m": 0}	{"b": 0, "a": 3.0, "m": 0}	ok
magic_s13	chance_multiplier	ng	{"b": 0, "a": 0.15, "m": 0}	{"b": 0, "a": 0.15, "m": 0}	ok
magic_s17	duration_to_force_stagger	ng	{"b": 0, "a": 0.9, "m": 0}	{"b": 0, "a": 0.9, "m": 0}	ok
magic_s19	duration	ng	{"b": 0, "a": 0, "m": 0.15}	{"b": 0, "a": 0, "m": 0.15}	ok
magic_s20	range	ng	{"b": 0, "a": 1.0, "m": 0}	{"b": 0, "a": 1.0, "m": 0}	ok
magic_s28	FireDamage	ng	{"b": 0, "a": 30.0, "m": 0}	{"b": 0, "a": 30.0, "m": 0}	ok
magic_s28	channeling_damage	ng	{"b": 0, "a": 70.0, "m": 0}	{"b": 0, "a": 70.0, "m": 0}	ok
magic_s28	stamina_cost_per_sec	ng	{"b": 0, "a": 50.0, "m": 0}	{"b": 0, "a": 50.0, "m": 0}	ok
magic_s28	stamina_cost_reduction_after_1	ng	{"b": 0, "a": 0, "m": 0.25}	{"b": 0, "a": 0, "m": 0.25}	ok
magic_s28	stamina_delay	ng	{"b": 0.5, "a": 0, "m": 2.0}	{"b": 0.5, "a": 0, "m": 2.0}	ok
magic_s3	ShockDamage	ng	{"b": 0, "a": 120.0, "m": 0}	{"b": 0, "a": 120.0, "m": 0}	ok
magic_s3	charge_count	ng	{"b": 5.0, "a": 0, "m": 1.0}	{"b": 5.0, "a": 0, "m": 1.0}	ok
magic_s3	damage_bonus_flat_after_1	ng	{"b": 0, "a": 5.0, "m": 0}	{"b": 0, "a": 5.0, "m": 0}	ok
magic_s3	stamina_cost_per_sec	ng	{"b": 0, "a": 35.0, "m": 0}	{"b": 0, "a": 35.0, "m": 0}	ok
magic_s3	stamina_delay	ng	{"b": 0.3, "a": 0, "m": 1.0}	{"b": 0.3, "a": 0, "m": 1.0}	ok
magic_s3	trap_duration	ng	{"b": 18.0, "a": 0, "m": 1.0}	{"b": 18.0, "a": 0, "m": 1.0}	ok
magic_s31	attack_power	ng	{"b": 0, "a": 0.2, "m": 0}	{"b": 0, "a": 0.2, "m": 0}	ok
magic_s31	duration	ng	{"b": 9.0, "a": 0, "m": 0}	{"b": 9.0, "a": 0, "m": 0}	ok
magic_s31	duration_animals	ng	{"b": 18.0, "a": 0, "m": 0}	{"b": 18.0, "a": 0, "m": 0}	ok
magic_s31	stamina_cost	ng	{"b": 0, "a": 0.0, "m": 0}	{"b": 0, "a": 0.0, "m": 0}	ok
magic_s31	stamina_cost_per_sec	ng	{"b": 0, "a": 22.2, "m": 0}	{"b": 0, "a": 22.2, "m": 0}	ok
magic_s33	damage_vitality_percent	ng	{"b": 0, "a": 0.01, "m": 0}	{"b": 0, "a": 0.01, "m": 0}	ok
magic_s35	burn_chance_bonus	ng	{"b": 0, "a": 0.1, "m": 0}	{"b": 0, "a": 0.1, "m": 0}	ok
magic_s35	spell_power_aard_igni	ng	{"b": 0, "a": 0, "m": 0.3}	{"b": 0, "a": 0, "m": 0.3}	ok
magic_s36	duration	ng	{"b": 0, "a": 0, "m": 0.2}	{"b": 0, "a": 0, "m": 0.2}	ok
magic_s37	damage_level1	ng	{"b": 0, "a": 0.05, "m": 0}	{"b": 0, "a": 0.05, "m": 0}	ok
magic_s37	damage_level2	ng	{"b": 0, "a": 0.1, "m": 0}	{"b": 0, "a": 0.1, "m": 0}	ok
magic_s37	damage_level3	ng	{"b": 0, "a": 0.15, "m": 0}	{"b": 0, "a": 0.15, "m": 0}	ok
magic_s37	duration	ng	{"b": 15.0, "a": 0, "m": 0}	{"b": 15.0, "a": 0, "m": 0}	ok
magic_s38	spell_power	ng	{"b": 0, "a": 0, "m": 0.1}	{"b": 0, "a": 0, "m": 0.1}	ok
magic_s39	stamina_cost_reduction	ng	{"b": 0, "a": 0, "m": 0.2}	{"b": 0, "a": 0, "m": 0.2}	ok
magic_s4	shield_health_factor	ng	{"b": 0, "a": 10.0, "m": 0}	{"b": 0, "a": 10.0, "m": 0}	ok
magic_s4	stamina_cost_per_sec	ng	{"b": 0, "a": 15.0, "m": 0}	{"b": 0, "a": 15.0, "m": 0}	ok
magic_s4	stamina_cost_reduction_after_1	ng	{"b": 0, "a": 0, "m": 0.5}	{"b": 0, "a": 0, "m": 0.5}	ok
magic_s40	ElementalDamage	ng	{"b": 0, "a": 15.0, "m": 0}	{"b": 0, "a": 15.0, "m": 0}	ok
magic_s41	sign_intensity_ratio	ng	{"b": 0, "a": 0.1, "m": 0}	{"b": 0, "a": 0.1, "m": 0}	ok
magic_s42	charge_count	ng	{"b": 0, "a": 2.0, "m": 0}	{"b": 0, "a": 2.0, "m": 0}	ok
magic_s42	range	ng	{"b": 0, "a": 0, "m": 0.1}	{"b": 0, "a": 0, "m": 0.1}	ok
magic_s42	trap_count	ng	{"b": 0, "a": 1.0, "m": 0}	{"b": 0, "a": 1.0, "m": 0}	ok
magic_s42	trap_duration	ng	{"b": 0, "a": 5.0, "m": 0}	{"b": 0, "a": 5.0, "m": 0}	ok
magic_s8	armor	ng	{"b": 0, "a": 0, "m": -0.01}	{"b": 0, "a": 0, "m": -0.01}	ok
magic_s8	burn_chance_bonus	ng	{"b": 0, "a": 0.1, "m": 0}	{"b": 0, "a": 0.1, "m": 0}	ok
magic_s8	max_armor_reduction	ng	{"b": 0, "a": 0.25, "m": 0}	{"b": 0, "a": 0.25, "m": 0}	ok
magic_staminaregen	staminaRegen	ng	{"b": 0, "a": 0, "m": 0.005}	{"b": 0, "a": 0, "m": 0.005}	ok
perk_23	attack_power_fast_style	ng	{"b": 0, "a": 0, "m": 0.02}	{"b": 0, "a": 0, "m": 0.02}	ok
perk_23	critical_hit_damage_bonus	ng	{"b": 0, "a": 0, "m": 0.08}	{"b": 0, "a": 0, "m": 0.08}	ok
perk_24	spell_power	ng	{"b": 0, "a": 0, "m": 0.02}	{"b": 0, "a": 0, "m": 0.02}	ok
perk_24	staminaRegen	ng	{"b": 0, "a": 0, "m": 0.002}	{"b": 0, "a": 0, "m": 0.002}	ok
perk_25	attack_power_heavy_style	ng	{"b": 0, "a": 0, "m": 0.02}	{"b": 0, "a": 0, "m": 0.02}	ok
perk_25	vitality	ng	{"b": 0, "a": 0, "m": 0.02}	{"b": 0, "a": 0, "m": 0.02}	ok
perk_26	attack_power	ng	{"b": 0, "a": 0, "m": 0.02}	{"b": 0, "a": 0, "m": 0.02}	ok
perk_26	spell_power	ng	{"b": 0, "a": 0, "m": 0.02}	{"b": 0, "a": 0, "m": 0.02}	ok
perk_27	attack_power_fast_style	ng	{"b": 0, "a": 0, "m": 0.02}	{"b": 0, "a": 0, "m": 0.02}	ok
perk_27	attack_power_heavy_style	ng	{"b": 0, "a": 0, "m": 0.02}	{"b": 0, "a": 0, "m": 0.02}	ok
perk_27	bomb_dmg_multiplier	ng	{"b": 0, "a": 0, "m": 0.02}	{"b": 0, "a": 0, "m": 0.02}	ok
perk_28	poison_dmg_multiplier	ng	{"b": 0, "a": 0, "m": 0.02}	{"b": 0, "a": 0, "m": 0.02}	ok
perk_28	vitality	ng	{"b": 0, "a": 0, "m": 0.02}	{"b": 0, "a": 0, "m": 0.02}	ok
perk_30	vitality	ng	{"b": 0, "a": 0, "m": 0.08}	{"b": 0, "a": 0, "m": 0.08}	ok
perk_31	counter	ng	{"b": 0, "a": 0.2, "m": 0}	{"b": 0, "a": 0.2, "m": 0}	ok
perk_31	dodge	ng	{"b": 0, "a": 0.1, "m": 0}	{"b": 0, "a": 0.1, "m": 0}	ok
perk_31	parry	ng	{"b": 0, "a": 0.03, "m": 0}	{"b": 0, "a": 0.03, "m": 0}	ok
perk_31	roll	ng	{"b": 0, "a": 0.1, "m": 0}	{"b": 0, "a": 0.1, "m": 0}	ok
perk_32	cost_reduction	ng	{"b": 0, "a": 0, "m": 0.1}	{"b": 0, "a": 0, "m": 0.1}	ok
perk_33	toxicity	ng	{"b": 10.0, "a": 0, "m": 0}	{"b": 10.0, "a": 0, "m": 0}	ok
perk_34	adrenaline_cost	ng	{"b": 2.5, "a": 0, "m": 0}	{"b": 2.5, "a": 0, "m": 0}	ok
perk_34	cost_reduction_per_level	ng	{"b": 0.5, "a": 0, "m": 0}	{"b": 0.5, "a": 0, "m": 0}	ok
perk_35	encumbrance	ng	{"b": 20.0, "a": 0, "m": 0}	{"b": 20.0, "a": 0, "m": 0}	ok
perk_37	damage_multiplier	ng	{"b": 0, "a": 0.03, "m": 0}	{"b": 0, "a": 0.03, "m": 0}	ok
perk_38	staminaRegen_tooltip	ng	{"b": 0, "a": 0, "m": 0.01}	{"b": 0, "a": 0, "m": 0.01}	ok
perk_38	vitalityRegen_tooltip	ng	{"b": 0, "a": 10.0, "m": 0}	{"b": 0, "a": 10.0, "m": 0}	ok
perk_39	free_bomb	ng	{"b": 0, "a": 0.1, "m": 0}	{"b": 0, "a": 0.1, "m": 0}	ok
perk_40	critical_hit_chance	ng	{"b": 0, "a": 0.03, "m": 0}	{"b": 0, "a": 0.03, "m": 0}	ok
perk_41	duration	ng	{"b": 0, "a": 300.0, "m": 0}	{"b": 0, "a": 300.0, "m": 0}	ok
perk_42	focus_gain	ng	{"b": 0.02, "a": 0, "m": 0}	{"b": 0.02, "a": 0, "m": 0}	ok
perk_43	synergy_bonus	ng	{"b": 0, "a": 0.1, "m": 0}	{"b": 0, "a": 0.1, "m": 0}	ok
perk_44	duration	ng	{"b": 0, "a": 10.0, "m": 0}	{"b": 0, "a": 10.0, "m": 0}	ok
perk_44	melee_damage_increase	ng	{"b": 0, "a": 0, "m": 0.1}	{"b": 0, "a": 0, "m": 0.1}	ok
survival_vitality	vitality	ng	{"b": 0, "a": 0, "m": 0.01}	{"b": 0, "a": 0, "m": 0.01}	ok
sword_adrenalinegain	focus_gain	ng	{"b": 0, "a": 0.01, "m": 0}	{"b": 0, "a": 0.01, "m": 0}	ok
sword_s16	focus_drain_reduction	ng	{"b": 0, "a": 0.33334, "m": 0}	{"b": 0, "a": 0.33334, "m": 0}	ok
sword_s18	healing_bonus	ng	{"b": 0, "a": 0.33334, "m": 0}	{"b": 0, "a": 0.33334, "m": 0}	ok
sword_s18	healing_factor	ng	{"b": 0, "a": 0.1, "m": 0}	{"b": 0, "a": 0.1, "m": 0}	ok
sword_s18	trigger_delay	ng	{"b": 0, "a": 30.0, "m": 0}	{"b": 0, "a": 30.0, "m": 0}	ok
sword_s19	spell_power	ng	{"b": 0, "a": 0, "m": 0.5}	{"b": 0, "a": 0, "m": 0.5}	ok
sword_s2	adrenaline_damage_bonus	ng	{"b": 0, "a": 0, "m": 0.1}	{"b": 0, "a": 0, "m": 0.1}	ok
sword_s2	armor_reduction	ng	{"b": 1000.0, "a": 0, "m": 0}	{"b": 1000.0, "a": 0, "m": 0}	ok
sword_s2	stamina_cost	ng	{"b": 0, "a": 0.0, "m": 0}	{"b": 0, "a": 0.0, "m": 0}	ok
sword_s2	stamina_cost_per_sec	ng	{"b": 0, "a": 50.0, "m": 0}	{"b": 0, "a": 50.0, "m": 0}	ok
sword_s2	stamina_delay	ng	{"b": 0, "a": 0.5, "m": 0}	{"b": 0, "a": 0.5, "m": 0}	ok
sword_s2	stamina_max_dmg_bonus	ng	{"b": 0, "a": 0, "m": 1.5}	{"b": 0, "a": 0, "m": 1.5}	ok
sword_s20	focus_gain	ng	{"b": 0, "a": 0.1, "m": 0}	{"b": 0, "a": 0.1, "m": 0}	ok
sword_s22	damage_increase	ng	{"b": 0, "a": 0, "m": 0.3}	{"b": 0, "a": 0, "m": 0.3}	ok
sword_s22	duration	ng	{"b": 0, "a": 6.0, "m": 0}	{"b": 0, "a": 6.0, "m": 0}	ok
sword_s22	trigger_at_attack_count	ng	{"b": 1.0, "a": 0, "m": 0}	{"b": 1.0, "a": 0, "m": 0}	ok
sword_s23	damage_increase	ng	{"b": 0, "a": 0, "m": 0.15}	{"b": 0, "a": 0, "m": 0.15}	ok
sword_s23	duration	ng	{"b": 0, "a": 6.0, "m": 0}	{"b": 0, "a": 6.0, "m": 0}	ok
sword_s23	trigger_at_attack_count	ng	{"b": 1.0, "a": 0, "m": 0}	{"b": 1.0, "a": 0, "m": 0}	ok
sword_s24	damage_increase	ng	{"b": 0, "a": 0, "m": 0.4}	{"b": 0, "a": 0, "m": 0.4}	ok
sword_s24	duration	ng	{"b": 0, "a": 15.0, "m": 0}	{"b": 0, "a": 15.0, "m": 0}	ok
sword_s24	trigger_at_attack_count	ng	{"b": 4.0, "a": 0, "m": 0}	{"b": 4.0, "a": 0, "m": 0}	ok
sword_s24	trigger_chance	ng	{"b": 0.2, "a": 0, "m": 0}	{"b": 0.2, "a": 0, "m": 0}	ok
sword_s25	damage_increase	ng	{"b": 0, "a": 0, "m": 0.5}	{"b": 0, "a": 0, "m": 0.5}	ok
sword_s25	duration	ng	{"b": 0, "a": 6.0, "m": 0}	{"b": 0, "a": 6.0, "m": 0}	ok
sword_s25	trigger_at_attack_count	ng	{"b": 1.0, "a": 0, "m": 0}	{"b": 1.0, "a": 0, "m": 0}	ok
sword_s25	trigger_chance	ng	{"b": 0.2, "a": 0, "m": 0}	{"b": 0.2, "a": 0, "m": 0}	ok
sword_s26	damage_increase	ng	{"b": 0, "a": 0, "m": 0.1}	{"b": 0, "a": 0, "m": 0.1}	ok
sword_s26	dodge_multiplier	ng	{"b": 0, "a": 0, "m": 5.0}	{"b": 0, "a": 0, "m": 5.0}	ok
sword_s27	duration	ng	{"b": 0, "a": 4.0, "m": 0}	{"b": 0, "a": 4.0, "m": 0}	ok
sword_s28	armor_reduction_perc	ng	{"b": 0, "a": 0.1, "m": 0}	{"b": 0, "a": 0.1, "m": 0}	ok
sword_s28	duration	ng	{"b": 0, "a": 3.0, "m": 0}	{"b": 0, "a": 3.0, "m": 0}	ok
sword_s28	stacking	ng	{"b": 1.0, "a": 0, "m": 0}	{"b": 1.0, "a": 0, "m": 0}	ok
sword_s29	damage_increase	ng	{"b": 0, "a": 0, "m": 0.1}	{"b": 0, "a": 0, "m": 0.1}	ok
sword_s29	duration	ng	{"b": 0, "a": 3.0, "m": 0}	{"b": 0, "a": 3.0, "m": 0}	ok
sword_s30	adrenaline_gain	ng	{"b": 0, "a": 0.1, "m": 0}	{"b": 0, "a": 0.1, "m": 0}	ok
sword_s30	duration	ng	{"b": 0, "a": 3.0, "m": 0}	{"b": 0, "a": 3.0, "m": 0}	ok
sword_s30	trigger_chance	ng	{"b": 0.05, "a": 0, "m": 0}	{"b": 0.05, "a": 0, "m": 0}	ok
sword_s31	attack_power	ng	{"b": 0, "a": 0, "m": 0.3334}	{"b": 0, "a": 0, "m": 0.3334}	ok
sword_s31	critical_hit_chance	ng	{"b": 0, "a": 1.0, "m": 0}	{"b": 0, "a": 1.0, "m": 0}	ok
sword_s31	crossbow_multiplier	ng	{"b": 0, "a": 2.0, "m": 0}	{"b": 0, "a": 2.0, "m": 0}	ok
sword_s31	duration	ng	{"b": 0, "a": 4.0, "m": 0}	{"b": 0, "a": 4.0, "m": 0}	ok
sword_s32	damage_increase	ng	{"b": 0, "a": 1.5, "m": 0}	{"b": 0, "a": 1.5, "m": 0}	ok
sword_s32	instant_kill_chance	ng	{"b": 0, "a": 0.05, "m": 0}	{"b": 0, "a": 0.05, "m": 0}	ok
sword_s32	slowdown_mod	ng	{"b": 0, "a": 0.3, "m": 0}	{"b": 0, "a": 0.3, "m": 0}	ok
sword_s33	damage_increase	ng	{"b": 0, "a": 0.5, "m": 0}	{"b": 0, "a": 0.5, "m": 0}	ok
sword_s33	instant_kill_chance	ng	{"b": 0, "a": 0.15, "m": 0}	{"b": 0, "a": 0.15, "m": 0}	ok
sword_s34	focus_gain_lvl1	ng	{"b": 0, "a": 0.3, "m": 0}	{"b": 0, "a": 0.3, "m": 0}	ok
sword_s34	focus_gain_lvl2	ng	{"b": 0, "a": 0.6, "m": 0}	{"b": 0, "a": 0.6, "m": 0}	ok
sword_s34	focus_gain_lvl3	ng	{"b": 0, "a": 1.0, "m": 0}	{"b": 0, "a": 1.0, "m": 0}	ok
sword_s35	cost_reduction	ng	{"b": 0, "a": 0, "m": 1.0}	{"b": 0, "a": 0, "m": 1.0}	ok
sword_s35	cost_reduction_desc_lvl2	ng	{"b": 0, "a": 0, "m": 0.33}	{"b": 0, "a": 0, "m": 0.33}	ok
sword_s35	cost_reduction_desc_lvl3	ng	{"b": 0, "a": 0, "m": 0.5}	{"b": 0, "a": 0, "m": 0.5}	ok
sword_s35	focus_cost_per_sec_initial	ng	{"b": 0, "a": 1.0, "m": 0}	{"b": 0, "a": 1.0, "m": 0}	ok
sword_s35	stamina_cost_per_sec	ng	{"b": 0, "a": 75.0, "m": 0}	{"b": 0, "a": 75.0, "m": 0}	ok
sword_s35	stamina_delay	ng	{"b": 0, "a": 2.0, "m": 0}	{"b": 0, "a": 2.0, "m": 0}	ok
sword_s36	damage_reduction	ng	{"b": 0, "a": 0.33334, "m": 0}	{"b": 0, "a": 0.33334, "m": 0}	ok
alchemy_potionduration	potion_duration	ng_plus	{"b": 0, "a": 0.02, "m": 0}	{"b": 0, "a": 0.02, "m": 0}	ok
alchemy_s10	PhysicalDamage	ng_plus	{"b": 0, "a": 100.0, "m": 0}	{"b": 0, "a": 100.0, "m": 0}	ok
alchemy_s10	SilverDamage	ng_plus	{"b": 0, "a": 100.0, "m": 0}	{"b": 0, "a": 100.0, "m": 0}	ok
alchemy_s11	FireDamage	ng_plus	{"b": 0, "a": 100.0, "m": 0}	{"b": 0, "a": 100.0, "m": 0}	ok
alchemy_s11	PhysicalDamage	ng_plus	{"b": 0, "a": 400.0, "m": 0}	{"b": 0, "a": 400.0, "m": 0}	ok
alchemy_s11	SilverDamage	ng_plus	{"b": 0, "a": 400.0, "m": 0}	{"b": 0, "a": 400.0, "m": 0}	ok
alchemy_s12	oil_level_chance	ng_plus	{"b": 0, "a": 0.1, "m": 0}	{"b": 0, "a": 0.1, "m": 0}	ok
alchemy_s12	skill_chance	ng_plus	{"b": 0, "a": 0.05, "m": 0}	{"b": 0, "a": 0.05, "m": 0}	ok
alchemy_s13	vitality	ng_plus	{"b": 0, "a": 300.0, "m": 0}	{"b": 0, "a": 300.0, "m": 0}	ok
alchemy_s14	duration	ng_plus	{"b": 0, "a": 0, "m": 0.33334}	{"b": 0, "a": 0, "m": 0.33334}	ok
alchemy_s15	toxicityRegen	ng_plus	{"b": 0, "a": -1.0, "m": 0}	{"b": 0, "a": -1.0, "m": 0}	ok
alchemy_s16	slowdown_duration	ng_plus	{"b": 0, "a": 0.3, "m": 0}	{"b": 0, "a": 0.3, "m": 0}	ok
alchemy_s16	slowdown_ratio	ng_plus	{"b": 0, "a": 0.12, "m": 0}	{"b": 0, "a": 0.12, "m": 0}	ok
alchemy_s18	toxicity	ng_plus	{"b": 0, "a": 0.5, "m": 0}	{"b": 0, "a": 0.5, "m": 0}	ok
alchemy_s2	vitality_gain_perc	ng_plus	{"b": 0, "a": 0.1, "m": 0}	{"b": 0, "a": 0.1, "m": 0}	ok
alchemy_s22	defence_bonus	ng_plus	{"b": 0, "a": 0.05, "m": 0}	{"b": 0, "a": 0.05, "m": 0}	ok
alchemy_s23	poison_dmg_level_1	ng_plus	{"b": 0, "a": 0, "m": 0.25}	{"b": 0, "a": 0, "m": 0.25}	ok
alchemy_s23	poison_dmg_level_2	ng_plus	{"b": 0, "a": 0, "m": 0.5}	{"b": 0, "a": 0, "m": 0.5}	ok
alchemy_s23	poison_dmg_level_3	ng_plus	{"b": 0, "a": 0, "m": 0.75}	{"b": 0, "a": 0, "m": 0.75}	ok
alchemy_s24	critical_hit_damage_bonus	ng_plus	{"b": 0, "a": 0, "m": 0.3334}	{"b": 0, "a": 0, "m": 0.3334}	ok
alchemy_s24	received_damage_multiplier	ng_plus	{"b": 0, "a": 1.5, "m": 0}	{"b": 0, "a": 1.5, "m": 0}	ok
alchemy_s24	toxicity_threshold	ng_plus	{"b": 0, "a": 0.8, "m": 0}	{"b": 0, "a": 0.8, "m": 0}	ok
alchemy_s24	toxicity_to_critical_damage_ratio	ng_plus	{"b": 0, "a": 0.2, "m": 0}	{"b": 0, "a": 0.2, "m": 0}	ok
alchemy_s25	bomb_damage_bonus	ng_plus	{"b": 0, "a": 0.001, "m": 0}	{"b": 0, "a": 0.001, "m": 0}	ok
alchemy_s26	damage_bonus	ng_plus	{"b": 0, "a": 0.05, "m": 0}	{"b": 0, "a": 0.05, "m": 0}	ok
alchemy_s26	damage_bonus_immune	ng_plus	{"b": 0, "a": 0.1, "m": 0}	{"b": 0, "a": 0.1, "m": 0}	ok
alchemy_s27	critical_hit_damage_bonus	ng_plus	{"b": 0, "a": 0.2, "m": 0}	{"b": 0, "a": 0.2, "m": 0}	ok
alchemy_s3	toxicity_threshold	ng_plus	{"b": 0, "a": 0.15, "m": 0}	{"b": 0, "a": 0.15, "m": 0}	ok
alchemy_s4	apply_chance	ng_plus	{"b": 0, "a": 0.33334, "m": 0}	{"b": 0, "a": 0.33334, "m": 0}	ok
alchemy_s5	defence_bonus	ng_plus	{"b": 0, "a": 0.05, "m": 0}	{"b": 0, "a": 0.05, "m": 0}	ok
alchemy_s8	item_count	ng_plus	{"b": 0, "a": 1.0, "m": 0}	{"b": 0, "a": 1.0, "m": 0}	ok
magic_s1	spell_power	ng_plus	{"b": 0, "a": 0, "m": -0.3}	{"b": 0, "a": 0, "m": -0.3}	ok
magic_s1	spell_power_penalty_reduction	ng_plus	{"b": 0, "a": 0.15, "m": 0}	{"b": 0, "a": 0.15, "m": 0}	ok
magic_s1	stamina_cost	ng_plus	{"b": 0, "a": 60.0, "m": 0}	{"b": 0, "a": 60.0, "m": 0}	ok
magic_s1	stamina_delay	ng_plus	{"b": 0.3, "a": 0, "m": 1.0}	{"b": 0.3, "a": 0, "m": 1.0}	ok
magic_s11	direct_damage_per_sec	ng_plus	{"b": 0, "a": 10.0, "m": 0.001}	{"b": 0, "a": 10.0, "m": 0.001}	ok
magic_s13	PhysicalDamage	ng_plus	{"b": 0, "a": 3.0, "m": 0}	{"b": 0, "a": 3.0, "m": 0}	ok
magic_s13	SilverDamage	ng_plus	{"b": 0, "a": 3.0, "m": 0}	{"b": 0, "a": 3.0, "m": 0}	ok
magic_s13	chance_multiplier	ng_plus	{"b": 0, "a": 0.15, "m": 0}	{"b": 0, "a": 0.15, "m": 0}	ok
magic_s17	duration_to_force_stagger	ng_plus	{"b": 0, "a": 0.9, "m": 0}	{"b": 0, "a": 0.9, "m": 0}	ok
magic_s19	duration	ng_plus	{"b": 0, "a": 0, "m": 0.15}	{"b": 0, "a": 0, "m": 0.15}	ok
magic_s20	range	ng_plus	{"b": 0, "a": 1.0, "m": 0}	{"b": 0, "a": 1.0, "m": 0}	ok
magic_s28	FireDamage	ng_plus	{"b": 0, "a": 30.0, "m": 0}	{"b": 0, "a": 30.0, "m": 0}	ok
magic_s28	channeling_damage	ng_plus	{"b": 0, "a": 70.0, "m": 0}	{"b": 0, "a": 70.0, "m": 0}	ok
magic_s28	stamina_cost_per_sec	ng_plus	{"b": 0, "a": 50.0, "m": 0}	{"b": 0, "a": 50.0, "m": 0}	ok
magic_s28	stamina_cost_reduction_after_1	ng_plus	{"b": 0, "a": 0, "m": 0.25}	{"b": 0, "a": 0, "m": 0.25}	ok
magic_s28	stamina_delay	ng_plus	{"b": 0.5, "a": 0, "m": 2.0}	{"b": 0.5, "a": 0, "m": 2.0}	ok
magic_s3	ShockDamage	ng_plus	{"b": 0, "a": 120.0, "m": 0}	{"b": 0, "a": 120.0, "m": 0}	ok
magic_s3	charge_count	ng_plus	{"b": 5.0, "a": 0, "m": 1.0}	{"b": 5.0, "a": 0, "m": 1.0}	ok
magic_s3	damage_bonus_flat_after_1	ng_plus	{"b": 0, "a": 5.0, "m": 0}	{"b": 0, "a": 5.0, "m": 0}	ok
magic_s3	stamina_cost_per_sec	ng_plus	{"b": 0, "a": 35.0, "m": 0}	{"b": 0, "a": 35.0, "m": 0}	ok
magic_s3	stamina_delay	ng_plus	{"b": 0.3, "a": 0, "m": 1.0}	{"b": 0.3, "a": 0, "m": 1.0}	ok
magic_s3	trap_duration	ng_plus	{"b": 18.0, "a": 0, "m": 1.0}	{"b": 18.0, "a": 0, "m": 1.0}	ok
magic_s31	attack_power	ng_plus	{"b": 0, "a": 0.2, "m": 0}	{"b": 0, "a": 0.2, "m": 0}	ok
magic_s31	duration	ng_plus	{"b": 9.0, "a": 0, "m": 0}	{"b": 9.0, "a": 0, "m": 0}	ok
magic_s31	duration_animals	ng_plus	{"b": 18.0, "a": 0, "m": 0}	{"b": 18.0, "a": 0, "m": 0}	ok
magic_s31	stamina_cost	ng_plus	{"b": 0, "a": 0.0, "m": 0}	{"b": 0, "a": 0.0, "m": 0}	ok
magic_s31	stamina_cost_per_sec	ng_plus	{"b": 0, "a": 22.2, "m": 0}	{"b": 0, "a": 22.2, "m": 0}	ok
magic_s33	damage_vitality_percent	ng_plus	{"b": 0, "a": 0.01, "m": 0}	{"b": 0, "a": 0.01, "m": 0}	ok
magic_s35	burn_chance_bonus	ng_plus	{"b": 0, "a": 0.1, "m": 0}	{"b": 0, "a": 0.1, "m": 0}	ok
magic_s35	spell_power_aard_igni	ng_plus	{"b": 0, "a": 0, "m": 0.3}	{"b": 0, "a": 0, "m": 0.3}	ok
magic_s36	duration	ng_plus	{"b": 0, "a": 0, "m": 0.2}	{"b": 0, "a": 0, "m": 0.2}	ok
magic_s37	damage_level1	ng_plus	{"b": 0, "a": 0.05, "m": 0}	{"b": 0, "a": 0.05, "m": 0}	ok
magic_s37	damage_level2	ng_plus	{"b": 0, "a": 0.1, "m": 0}	{"b": 0, "a": 0.1, "m": 0}	ok
magic_s37	damage_level3	ng_plus	{"b": 0, "a": 0.15, "m": 0}	{"b": 0, "a": 0.15, "m": 0}	ok
magic_s37	duration	ng_plus	{"b": 15.0, "a": 0, "m": 0}	{"b": 15.0, "a": 0, "m": 0}	ok
magic_s38	spell_power	ng_plus	{"b": 0, "a": 0, "m": 0.1}	{"b": 0, "a": 0, "m": 0.1}	ok
magic_s39	stamina_cost_reduction	ng_plus	{"b": 0, "a": 0, "m": 0.2}	{"b": 0, "a": 0, "m": 0.2}	ok
magic_s4	shield_health_factor	ng_plus	{"b": 0, "a": 10.0, "m": 0}	{"b": 0, "a": 10.0, "m": 0}	ok
magic_s4	stamina_cost_per_sec	ng_plus	{"b": 0, "a": 15.0, "m": 0}	{"b": 0, "a": 15.0, "m": 0}	ok
magic_s4	stamina_cost_reduction_after_1	ng_plus	{"b": 0, "a": 0, "m": 0.5}	{"b": 0, "a": 0, "m": 0.5}	ok
magic_s40	ElementalDamage	ng_plus	{"b": 0, "a": 15.0, "m": 0}	{"b": 0, "a": 15.0, "m": 0}	ok
magic_s41	sign_intensity_ratio	ng_plus	{"b": 0, "a": 0.1, "m": 0}	{"b": 0, "a": 0.1, "m": 0}	ok
magic_s42	charge_count	ng_plus	{"b": 0, "a": 2.0, "m": 0}	{"b": 0, "a": 2.0, "m": 0}	ok
magic_s42	range	ng_plus	{"b": 0, "a": 0, "m": 0.1}	{"b": 0, "a": 0, "m": 0.1}	ok
magic_s42	trap_count	ng_plus	{"b": 0, "a": 1.0, "m": 0}	{"b": 0, "a": 1.0, "m": 0}	ok
magic_s42	trap_duration	ng_plus	{"b": 0, "a": 5.0, "m": 0}	{"b": 0, "a": 5.0, "m": 0}	ok
magic_s8	armor	ng_plus	{"b": 0, "a": 0, "m": -0.01}	{"b": 0, "a": 0, "m": -0.01}	ok
magic_s8	burn_chance_bonus	ng_plus	{"b": 0, "a": 0.1, "m": 0}	{"b": 0, "a": 0.1, "m": 0}	ok
magic_s8	max_armor_reduction	ng_plus	{"b": 0, "a": 0.25, "m": 0}	{"b": 0, "a": 0.25, "m": 0}	ok
magic_staminaregen	staminaRegen	ng_plus	{"b": 0, "a": 0, "m": 0.005}	{"b": 0, "a": 0, "m": 0.005}	ok
perk_23	attack_power_fast_style	ng_plus	{"b": 0, "a": 0, "m": 0.02}	{"b": 0, "a": 0, "m": 0.02}	ok
perk_23	critical_hit_damage_bonus	ng_plus	{"b": 0, "a": 0, "m": 0.08}	{"b": 0, "a": 0, "m": 0.08}	ok
perk_24	spell_power	ng_plus	{"b": 0, "a": 0, "m": 0.02}	{"b": 0, "a": 0, "m": 0.02}	ok
perk_24	staminaRegen	ng_plus	{"b": 0, "a": 0, "m": 0.002}	{"b": 0, "a": 0, "m": 0.002}	ok
perk_25	attack_power_heavy_style	ng_plus	{"b": 0, "a": 0, "m": 0.02}	{"b": 0, "a": 0, "m": 0.02}	ok
perk_25	vitality	ng_plus	{"b": 0, "a": 0, "m": 0.02}	{"b": 0, "a": 0, "m": 0.02}	ok
perk_26	attack_power	ng_plus	{"b": 0, "a": 0, "m": 0.02}	{"b": 0, "a": 0, "m": 0.02}	ok
perk_26	spell_power	ng_plus	{"b": 0, "a": 0, "m": 0.02}	{"b": 0, "a": 0, "m": 0.02}	ok
perk_27	attack_power_fast_style	ng_plus	{"b": 0, "a": 0, "m": 0.02}	{"b": 0, "a": 0, "m": 0.02}	ok
perk_27	attack_power_heavy_style	ng_plus	{"b": 0, "a": 0, "m": 0.02}	{"b": 0, "a": 0, "m": 0.02}	ok
perk_27	bomb_dmg_multiplier	ng_plus	{"b": 0, "a": 0, "m": 0.02}	{"b": 0, "a": 0, "m": 0.02}	ok
perk_28	poison_dmg_multiplier	ng_plus	{"b": 0, "a": 0, "m": 0.02}	{"b": 0, "a": 0, "m": 0.02}	ok
perk_28	vitality	ng_plus	{"b": 0, "a": 0, "m": 0.02}	{"b": 0, "a": 0, "m": 0.02}	ok
perk_30	vitality	ng_plus	{"b": 0, "a": 0, "m": 0.08}	{"b": 0, "a": 0, "m": 0.08}	ok
perk_31	counter	ng_plus	{"b": 0, "a": 0.2, "m": 0}	{"b": 0, "a": 0.2, "m": 0}	ok
perk_31	dodge	ng_plus	{"b": 0, "a": 0.1, "m": 0}	{"b": 0, "a": 0.1, "m": 0}	ok
perk_31	parry	ng_plus	{"b": 0, "a": 0.03, "m": 0}	{"b": 0, "a": 0.03, "m": 0}	ok
perk_31	roll	ng_plus	{"b": 0, "a": 0.1, "m": 0}	{"b": 0, "a": 0.1, "m": 0}	ok
perk_32	cost_reduction	ng_plus	{"b": 0, "a": 0, "m": 0.1}	{"b": 0, "a": 0, "m": 0.1}	ok
perk_33	toxicity	ng_plus	{"b": 10.0, "a": 0, "m": 0}	{"b": 10.0, "a": 0, "m": 0}	ok
perk_34	adrenaline_cost	ng_plus	{"b": 2.5, "a": 0, "m": 0}	{"b": 2.5, "a": 0, "m": 0}	ok
perk_34	cost_reduction_per_level	ng_plus	{"b": 0.5, "a": 0, "m": 0}	{"b": 0.5, "a": 0, "m": 0}	ok
perk_35	encumbrance	ng_plus	{"b": 20.0, "a": 0, "m": 0}	{"b": 20.0, "a": 0, "m": 0}	ok
perk_37	damage_multiplier	ng_plus	{"b": 0, "a": 0.03, "m": 0}	{"b": 0, "a": 0.03, "m": 0}	ok
perk_38	staminaRegen_tooltip	ng_plus	{"b": 0, "a": 0, "m": 0.01}	{"b": 0, "a": 0, "m": 0.01}	ok
perk_38	vitalityRegen_tooltip	ng_plus	{"b": 0, "a": 10.0, "m": 0}	{"b": 0, "a": 10.0, "m": 0}	ok
perk_39	free_bomb	ng_plus	{"b": 0, "a": 0.1, "m": 0}	{"b": 0, "a": 0.1, "m": 0}	ok
perk_40	critical_hit_chance	ng_plus	{"b": 0, "a": 0.03, "m": 0}	{"b": 0, "a": 0.03, "m": 0}	ok
perk_41	duration	ng_plus	{"b": 0, "a": 300.0, "m": 0}	{"b": 0, "a": 300.0, "m": 0}	ok
perk_42	focus_gain	ng_plus	{"b": 0.02, "a": 0, "m": 0}	{"b": 0.02, "a": 0, "m": 0}	ok
perk_43	synergy_bonus	ng_plus	{"b": 0, "a": 0.1, "m": 0}	{"b": 0, "a": 0.1, "m": 0}	ok
perk_44	duration	ng_plus	{"b": 0, "a": 10.0, "m": 0}	{"b": 0, "a": 10.0, "m": 0}	ok
perk_44	melee_damage_increase	ng_plus	{"b": 0, "a": 0, "m": 0.1}	{"b": 0, "a": 0, "m": 0.1}	ok
survival_vitality	vitality	ng_plus	{"b": 0, "a": 0, "m": 0.01}	{"b": 0, "a": 0, "m": 0.01}	ok
sword_adrenalinegain	focus_gain	ng_plus	{"b": 0, "a": 0.01, "m": 0}	{"b": 0, "a": 0.01, "m": 0}	ok
sword_s16	focus_drain_reduction	ng_plus	{"b": 0, "a": 0.33334, "m": 0}	{"b": 0, "a": 0.33334, "m": 0}	ok
sword_s18	healing_bonus	ng_plus	{"b": 0, "a": 0.33334, "m": 0}	{"b": 0, "a": 0.33334, "m": 0}	ok
sword_s18	healing_factor	ng_plus	{"b": 0, "a": 0.1, "m": 0}	{"b": 0, "a": 0.1, "m": 0}	ok
sword_s18	trigger_delay	ng_plus	{"b": 0, "a": 30.0, "m": 0}	{"b": 0, "a": 30.0, "m": 0}	ok
sword_s19	spell_power	ng_plus	{"b": 0, "a": 0, "m": 0.5}	{"b": 0, "a": 0, "m": 0.5}	ok
sword_s2	adrenaline_damage_bonus	ng_plus	{"b": 0, "a": 0, "m": 0.1}	{"b": 0, "a": 0, "m": 0.1}	ok
sword_s2	armor_reduction	ng_plus	{"b": 1000.0, "a": 0, "m": 0}	{"b": 1000.0, "a": 0, "m": 0}	ok
sword_s2	stamina_cost	ng_plus	{"b": 0, "a": 0.0, "m": 0}	{"b": 0, "a": 0.0, "m": 0}	ok
sword_s2	stamina_cost_per_sec	ng_plus	{"b": 0, "a": 50.0, "m": 0}	{"b": 0, "a": 50.0, "m": 0}	ok
sword_s2	stamina_delay	ng_plus	{"b": 0, "a": 0.5, "m": 0}	{"b": 0, "a": 0.5, "m": 0}	ok
sword_s2	stamina_max_dmg_bonus	ng_plus	{"b": 0, "a": 0, "m": 1.5}	{"b": 0, "a": 0, "m": 1.5}	ok
sword_s20	focus_gain	ng_plus	{"b": 0, "a": 0.1, "m": 0}	{"b": 0, "a": 0.1, "m": 0}	ok
sword_s22	damage_increase	ng_plus	{"b": 0, "a": 0, "m": 0.3}	{"b": 0, "a": 0, "m": 0.3}	ok
sword_s22	duration	ng_plus	{"b": 0, "a": 6.0, "m": 0}	{"b": 0, "a": 6.0, "m": 0}	ok
sword_s22	trigger_at_attack_count	ng_plus	{"b": 1.0, "a": 0, "m": 0}	{"b": 1.0, "a": 0, "m": 0}	ok
sword_s23	damage_increase	ng_plus	{"b": 0, "a": 0, "m": 0.15}	{"b": 0, "a": 0, "m": 0.15}	ok
sword_s23	duration	ng_plus	{"b": 0, "a": 6.0, "m": 0}	{"b": 0, "a": 6.0, "m": 0}	ok
sword_s23	trigger_at_attack_count	ng_plus	{"b": 1.0, "a": 0, "m": 0}	{"b": 1.0, "a": 0, "m": 0}	ok
sword_s24	damage_increase	ng_plus	{"b": 0, "a": 0, "m": 0.4}	{"b": 0, "a": 0, "m": 0.4}	ok
sword_s24	duration	ng_plus	{"b": 0, "a": 15.0, "m": 0}	{"b": 0, "a": 15.0, "m": 0}	ok
sword_s24	trigger_at_attack_count	ng_plus	{"b": 4.0, "a": 0, "m": 0}	{"b": 4.0, "a": 0, "m": 0}	ok
sword_s24	trigger_chance	ng_plus	{"b": 0.2, "a": 0, "m": 0}	{"b": 0.2, "a": 0, "m": 0}	ok
sword_s25	damage_increase	ng_plus	{"b": 0, "a": 0, "m": 0.5}	{"b": 0, "a": 0, "m": 0.5}	ok
sword_s25	duration	ng_plus	{"b": 0, "a": 6.0, "m": 0}	{"b": 0, "a": 6.0, "m": 0}	ok
sword_s25	trigger_at_attack_count	ng_plus	{"b": 1.0, "a": 0, "m": 0}	{"b": 1.0, "a": 0, "m": 0}	ok
sword_s25	trigger_chance	ng_plus	{"b": 0.2, "a": 0, "m": 0}	{"b": 0.2, "a": 0, "m": 0}	ok
sword_s26	damage_increase	ng_plus	{"b": 0, "a": 0, "m": 0.1}	{"b": 0, "a": 0, "m": 0.1}	ok
sword_s26	dodge_multiplier	ng_plus	{"b": 0, "a": 0, "m": 5.0}	{"b": 0, "a": 0, "m": 5.0}	ok
sword_s27	duration	ng_plus	{"b": 0, "a": 4.0, "m": 0}	{"b": 0, "a": 4.0, "m": 0}	ok
sword_s28	armor_reduction_perc	ng_plus	{"b": 0, "a": 0.1, "m": 0}	{"b": 0, "a": 0.1, "m": 0}	ok
sword_s28	duration	ng_plus	{"b": 0, "a": 3.0, "m": 0}	{"b": 0, "a": 3.0, "m": 0}	ok
sword_s28	stacking	ng_plus	{"b": 1.0, "a": 0, "m": 0}	{"b": 1.0, "a": 0, "m": 0}	ok
sword_s29	damage_increase	ng_plus	{"b": 0, "a": 0, "m": 0.1}	{"b": 0, "a": 0, "m": 0.1}	ok
sword_s29	duration	ng_plus	{"b": 0, "a": 3.0, "m": 0}	{"b": 0, "a": 3.0, "m": 0}	ok
sword_s30	adrenaline_gain	ng_plus	{"b": 0, "a": 0.1, "m": 0}	{"b": 0, "a": 0.1, "m": 0}	ok
sword_s30	duration	ng_plus	{"b": 0, "a": 3.0, "m": 0}	{"b": 0, "a": 3.0, "m": 0}	ok
sword_s30	trigger_chance	ng_plus	{"b": 0.05, "a": 0, "m": 0}	{"b": 0.05, "a": 0, "m": 0}	ok
sword_s31	attack_power	ng_plus	{"b": 0, "a": 0, "m": 0.3334}	{"b": 0, "a": 0, "m": 0.3334}	ok
sword_s31	critical_hit_chance	ng_plus	{"b": 0, "a": 1.0, "m": 0}	{"b": 0, "a": 1.0, "m": 0}	ok
sword_s31	crossbow_multiplier	ng_plus	{"b": 0, "a": 2.0, "m": 0}	{"b": 0, "a": 2.0, "m": 0}	ok
sword_s31	duration	ng_plus	{"b": 0, "a": 4.0, "m": 0}	{"b": 0, "a": 4.0, "m": 0}	ok
sword_s32	damage_increase	ng_plus	{"b": 0, "a": 1.5, "m": 0}	{"b": 0, "a": 1.5, "m": 0}	ok
sword_s32	instant_kill_chance	ng_plus	{"b": 0, "a": 0.05, "m": 0}	{"b": 0, "a": 0.05, "m": 0}	ok
sword_s32	slowdown_mod	ng_plus	{"b": 0, "a": 0.3, "m": 0}	{"b": 0, "a": 0.3, "m": 0}	ok
sword_s33	damage_increase	ng_plus	{"b": 0, "a": 0.5, "m": 0}	{"b": 0, "a": 0.5, "m": 0}	ok
sword_s33	instant_kill_chance	ng_plus	{"b": 0, "a": 0.15, "m": 0}	{"b": 0, "a": 0.15, "m": 0}	ok
sword_s34	focus_gain_lvl1	ng_plus	{"b": 0, "a": 0.3, "m": 0}	{"b": 0, "a": 0.3, "m": 0}	ok
sword_s34	focus_gain_lvl2	ng_plus	{"b": 0, "a": 0.6, "m": 0}	{"b": 0, "a": 0.6, "m": 0}	ok
sword_s34	focus_gain_lvl3	ng_plus	{"b": 0, "a": 1.0, "m": 0}	{"b": 0, "a": 1.0, "m": 0}	ok
sword_s35	cost_reduction	ng_plus	{"b": 0, "a": 0, "m": 1.0}	{"b": 0, "a": 0, "m": 1.0}	ok
sword_s35	cost_reduction_desc_lvl2	ng_plus	{"b": 0, "a": 0, "m": 0.33}	{"b": 0, "a": 0, "m": 0.33}	ok
sword_s35	cost_reduction_desc_lvl3	ng_plus	{"b": 0, "a": 0, "m": 0.5}	{"b": 0, "a": 0, "m": 0.5}	ok
sword_s35	focus_cost_per_sec_initial	ng_plus	{"b": 0, "a": 1.0, "m": 0}	{"b": 0, "a": 1.0, "m": 0}	ok
sword_s35	stamina_cost_per_sec	ng_plus	{"b": 0, "a": 75.0, "m": 0}	{"b": 0, "a": 75.0, "m": 0}	ok
sword_s35	stamina_delay	ng_plus	{"b": 0, "a": 2.0, "m": 0}	{"b": 0, "a": 2.0, "m": 0}	ok
sword_s36	damage_reduction	ng_plus	{"b": 0, "a": 0.33334, "m": 0}	{"b": 0, "a": 0.33334, "m": 0}	ok
